name,denomination,denomination_basis,opened,financier,address,lat,lng,sources,n_records
Al Farooq moské,Sannolikt Sunni,migrationskartan-gissning,2018,Okänt,"Rosentorpsvägen, Lunnahus, Bjuv, Bjuvs kommun, Skåne län, 267 39, Sverige",56.073346,12.950573,migrationskartan,1
Fittja moské,Sunni,migrationskartan,2007,Okänt,"Fittja moské, 10, Tegelbruksvägen, Alby, Botkyrka kommun, Stockholms län, 145 53, Sverige",59.251185,17.867994,migrationskartan+osm,2
Alby moské,Sunni,migrationskartan,1992,Botkyrka kommun,"Alby moské, Rotemannavägen, Alby, Botkyrka kommun, Stockholms län, 145 57, Sverige",59.240585,17.858,migrationskartan+osm,2
Eslövs moské / Eslövs Islamiska Kulturförening,Sannolikt Sunni,migrationskartan-gissning,1995,Okänt,"6, Vålarödsvägen, Berga, Eslöv, Eslövs kommun, Skåne län, 241 39, Sverige",55.842322,13.317658,migrationskartan+osm,2
Moské Bilal,Sunni,migrationskartan,1990,Islamska Kulturella Föreningen men troligen också genom kulturbidrag från kommunen,"Kvekatorpsvägen, Västra gärdet, Skrea Strand, Falkenberg, Falkenbergs kommun, Hallands län, 311 75, Sverige",56.896939,12.473718,migrationskartan,2
Falun Islamic Center,Sunni,migrationskartan,2012,Okänt,"Ugglevägen, Kvarnberget, Falun, Falu kommun, Dalarnas län, 791 50, Sverige",60.596128,15.651105,migrationskartan,1
Islamiska kulturella föreningen i Filipstad,Sannolikt Sunni,migrationskartan-gissning,2012,Okänt,"4, Allégatan, Filipstad, Filipstads kommun, Värmlands län, 682 27, Sverige",59.710239,14.16152,migrationskartan,1
Gällivare Islamiska föreningen,Sunni,migrationskartan,2006,Okänt,"Hantverkaregatan, Karhakka, Heden, Gällivare, Gällivare kommun, Norrbottens län, 982 31, Sverige",67.135557,20.661654,migrationskartan,1
Al-Zaiotuna-kulturförening Moske,Sannolikt Sunni,migrationskartan-gissning,2019,Okänt,"Kullagatan, Frönäs, Gnesta, Gnesta kommun, Södermanlands län, 646 80, Sverige",59.047851,17.307762,migrationskartan,1
Flemingsbergs moské,Sannolikt Sunni,migrationskartan-gissning,1995,Okänt,"Diagnosvägen, Flemingsberg, Huddinge, Huddinge kommun, Stockholms län, 141 54, Sverige",59.224638,17.942502,migrationskartan,1
Hudiksvalls Mosque,Sannolikt Sunni,migrationskartan-gissning,1992,Okänt,"45, Hamngatan, Kålhagen, Hudiksvall, Hudiksvalls kommun, Gävleborgs län, 824 52, Sverige",61.727081,17.120598,migrationskartan,1
Karlskoga Moske,Sannolikt Sunni,migrationskartan-gissning,2017,Okänt,"Häsängsvägen, Häsängen, Karlskoga, Karlskoga kommun, Örebro län, 691 21, Sverige",59.322576,14.482587,migrationskartan,1
Alrahma Mosque,Sunni,migrationskartan,,Okänt,"Tvedegårdsvägen, Gamlegården, Fårarp, Kristianstad, Kristianstads kommun, Skåne län, 291 38, Sverige",56.061189,14.160467,migrationskartan+muslimer.se,2
,Sannolikt Sunni,migrationskartan-gissning,2030,Okänt,"Cobolgatan, Lilla Mjärdevi, Rosendal, Slaka, Linköping, Linköpings kommun, Östergötlands län, 583 35, Sverige",58.390391,15.550074,migrationskartan,1
Moské vid Nyponvägen,Sannolikt Sunni,migrationskartan-gissning,2030,Okänt,"Nyponvägen, Rosendal, Ljungby, Ljungby kommun, Kronobergs län, 341 32, Sverige",56.813032,13.909115,migrationskartan,1
Islamic Center,Sunni (salafistisk/wahhabitisk),migrationskartan,1984,Okänt,"Jägersrovägen, Jägersro, Öster, Malmö, Malmö kommun, Skåne län, 212 37, Sverige",55.569394,13.060888,migrationskartan,1
Skandinaviska Wakf,Sunni (salafistisk/wahhabitisk),migrationskartan,2017,Qatar (30 mnkr) av totalkostnad ca 140 mnkr. 8 mnkr från privata investerar i Kuwait.,"Det Skandinaviska Wakf i Sverige, 26, Danska vägen, Håkanstorp, Öster, Malmö, Malmö kommun, Skåne län, 212 29, Sverige",55.594239,13.039668,migrationskartan+osm+muslimer.se,3
Mönsterås Moske,Sannolikt Sunni,migrationskartan-gissning,2010,Okänt,"18, Kyrkogatan, Västra Kråkerum, Mönsterås, Mönsterås kommun, Kalmar län, 383 33, Sverige",57.043897,16.446014,migrationskartan,1
Islamic Center Motala,Sunni,migrationskartan,2013,Okänt,"Agneshögsgatan, Marieberg, Väster, Motala, Motala kommun, Östergötlands län, 591 72, Sverige",58.542946,14.98782,migrationskartan,1
Fisksätra moske,Sunni,migrationskartan,1996,Islamiska kulturföreningen i Nacka,"16, Mörtgatan, Lännersta, Saltsjöbaden, Nacka kommun, Stockholms län, 133 43, Sverige",59.291851,18.253435,migrationskartan,1
Al-Huda Islamiska KulturCenter,Sannolikt Sunni,migrationskartan-gissning,2017,Källarmoské troligen.,"Backluravägen, Nickstahöjden, Nynäshamn, Nynäshamns kommun, Stockholms län, 149 43, Sverige",58.910373,17.933358,migrationskartan,1
Örebro Moské,Sunni,migrationskartan,2008,"Eid Charity, Qatar","Epiloggatan, Boglundsängen, Örebro, Örebro kommun, Örebro län, 703 70, Sverige",59.297587,15.196743,migrationskartan+osm+muslimer.se,3
Islamska kultur center perstorp,Sannolikt Sunni,migrationskartan-gissning,2022,Okänt,"Hantverkaregatan, Perstorp, Perstorps kommun, Skåne län, 284 31, Sverige",56.137963,13.396714,migrationskartan,1
Märsta Moské,Sannolikt Sunni,migrationskartan-gissning,1999,Okänt,"Stockholmsvägen, Steninge, Märsta, Sigtuna kommun, Stockholms län, 195 46, Sverige",59.623171,17.851207,migrationskartan,1
Bosniska moskén,Sunni,migrationskartan,2024,"Finansieringen av moskén har skett via stiftelser, lokala föreningar och medlemsinsamlingar.","Gamla Karstorpsvägen, Karstorp, Skövde, Skövde kommun, Västra Götalands län, 549 60, Sverige",58.42249,13.862545,migrationskartan+osm,2
Söderhamn Moské,Sunni,migrationskartan,2010,"Känd finansiering Drivs av en lokal ideell förening (registrerad som religiös organisation). Löpande verksamhet finansieras genom: medlemsavgifter frivilliga donationer från besökare insamlingar i samband med religiösa högtider (t.ex. Ramadan, Eid) Swish‑ och lokala insamlingsuppgifter används enligt moskéns egen offentliga kommunikation.","Tallvägen, Norrberget, Söderhamn, Söderhamns kommun, Gävleborgs län, 826 80, Sverige",61.308605,17.049885,migrationskartan,1
"Rågsved Moske, Islamic Center Sweden (ICS) AFGHAN ISLAMIC CENTER",Sunni,migrationskartan,2014,Okänt,"1, Hardemogatan, Rågsved, Enskede-Årsta-Vantörs stadsdelsområde, Stockholm, Stockholms kommun, Stockholms län, 124 67, Sverige",59.259392,18.033567,migrationskartan,1
Negashimoskéen,Sunni,migrationskartan,1999,Drivs av en ideell förening och finansieras främst av den egna gemenskapen.,"2, Skolgången, Hallonbergen, Sundbybergs kommun, Stockholms län, 174 52, Sverige",59.376948,17.96575,migrationskartan,2
Sundsvalls moské,Sannolikt Sunni,migrationskartan-gissning,2010,Okänt,"37, Nybrogatan, Stenstan, Centrum, Sundsvall, Sundsvalls kommun, Västernorrlands län, 852 36, Sverige",62.385916,17.309401,migrationskartan+osm+muslimer.se,3
Moské i Tierp,Sunni,migrationskartan,2010,Tierps somaliska förening,"Södra Esplanaden, Tierp, Tierps kommun, Uppsala län, 815 88, Sverige",60.342752,17.513478,migrationskartan,1
Österlens Islamic Center Tomelilla moské,Sannolikt Sunni,migrationskartan-gissning,2015,Okänt,"Torget, Tomelilla, Tomelilla kommun, Skåne län, 273 34, Sverige",55.544453,13.950791,migrationskartan,1
Islamiska Kultur Föreningen i Trollhättan,Sannolikt Sunni,migrationskartan-gissning,1991,Okänt,"Slåttervägen, Högaffeln, Kronogården, Trollhättan, Trollhättans kommun, Västra Götalands län, 461 61, Sverige",58.270106,12.299935,migrationskartan,1
Somaliska Islamiska Moskén i Trollhättan,"Sunni (somalisk, shafiʽi)",somalisk församling,2013,Okänt,"Lantmannavägen, Kronogården, Trollhättan, Trollhättans kommun, Västra Götalands län, 461 60, Sverige",58.269207,12.306333,migrationskartan,1
"Vägledningens moské, Xhamia Rruga e Udhëzimit","Sunni (albansk, hanafi)",albanskspråkigt namn,2011,Okänt,"Xhamia Rruga e Udhëzimit, 117, Karlstorpsvägen, Karlstorp, Trollhättan, Trollhättans kommun, Västra Götalands län, 461 52, Sverige",58.27003,12.294666,migrationskartan,1
Trollhättans Sunnimuslimska Förening,Sunni,migrationskartan,2009,Okänt,"Lantmannavägen, Håjum, Trollhättan, Trollhättans kommun, Västra Götalands län, 461 60, Sverige",58.274757,12.310764,migrationskartan,1
osniakiska Islamiska Samfundet i Sverige - Församlingen Trosa,Sunni (hanafi),"bosnisk församling (BIS, hanafi)",2020,Okänt,"Skolvägen, Vagnhärad, Trosa kommun, Södermanlands län, 619 71, Sverige",58.946996,17.477194,migrationskartan,1
Tyresö Islamiska Kulturförening,Sannolikt Sunni,migrationskartan-gissning,1997,Kommunen,"1,3,5,7,9,11,13,15,17,19,21,23, Sikvägen, Bollmora, Tyresö kommun, Stockholms län, 135 31, Sverige",59.248079,18.233091,migrationskartan,1
Islamiska Centret Uddevalla,Sannolikt Sunni,migrationskartan-gissning,2002,Medlemmarna,"Närhälsan Dalaberg barnavårdscentral, 8, Lövskogsgatan, Dalaberg, Uddevalla, Ramneröd, Uddevalla kommun, Västra Götalands län, 451 72, Sverige",58.37158,11.935073,migrationskartan+muslimer.se,2
Väsby moské,Sunni,migrationskartan,2016,Okänt,"62, Hammarbyvägen, Väsbyskogen, Vilunda, Upplands Väsby, Upplands Väsby kommun, Stockholms län, 194 37, Sverige",59.526848,17.917371,migrationskartan,1
Islamiska kulturcentret (Västervik moské),Sannolikt Sunni,migrationskartan-gissning,1988,Okänt,"Grevgatan, Ludvigsborg, Västervik, Västerviks kommun, Kalmar län, 593 32, Sverige",57.751483,16.633987,migrationskartan,1
Växjö Islamiska Center Stiftelsen Växjö Muslimer,Sunni (salafistisk/wahhabitisk),migrationskartan,2001,Okänt,"Försommarvägen, Araby, Växjö, Växjö kommun, Kronobergs län, 352 48, Sverige",56.895534,14.797813,migrationskartan+muslimer.se,2
Huda Förening,Sannolikt Sunni,migrationskartan-gissning,2014,Okänt,"3b, Docentgatan, Hermodsdal, Söder, Malmö, Malmö kommun, Skåne län, 215 52, Sverige",55.566353,13.019739,migrationskartan+osm,2
Islamisk Kultur Centrum i Malmö,Sunni,migrationskartan,2016,Okänt,"6, Gröndalsgränd, Gröndal, Väster, Malmö, Malmö kommun, Skåne län, 215 63, Sverige",55.575943,12.994291,migrationskartan,1
Islamiska Förbundet i Malmö (Lindängen),Sunni,migrationskartan,,Okänt,"Gånglåtsvägen, Lindängen, Söder, Malmö, Malmö kommun, Skåne län, 215 78, Sverige",55.554254,13.019992,migrationskartan,1
Bosniska Islamiska Föreningen Malmö,Sunni (hanafi),migrationskartan,1994,Okänt,"Ystadvägen, Södra Sofielund, Innerstaden, Malmö, Malmö kommun, Skåne län, 214 45, Sverige",55.580834,13.015843,migrationskartan,1
Albayan Center,Sannolikt Sunni,migrationskartan-gissning,2013,Okänt,"4c, Hårds väg, Törnrosen, Öster, Malmö, Malmö kommun, Skåne län, 213 61, Sverige",55.585813,13.03139,migrationskartan,1
Malmö Muslimska Samfund,Sannolikt Sunni,migrationskartan-gissning,2020,Okänt,"8b, Bennets väg, Törnrosen, Öster, Malmö, Malmö kommun, Skåne län, 214 41, Sverige",55.587513,13.03379,migrationskartan,1
Rosengårds Kulturcenter - Islamiska Förbundet i Malmö,Sunni,migrationskartan,2008,Okänt,"Adlerfelts väg, Apelgården, Öster, Malmö, Malmö kommun, Skåne län, 213 68, Sverige",55.587426,13.044567,migrationskartan,1
Drita Islamiska föreningen (Shoqata Islame),"Sunni (albansk, hanafi)",albanskspråkigt namn,2004,Okänt,"103, Ramels väg, Herrgården, Öster, Malmö, Malmö kommun, Skåne län, 213 69, Sverige",55.58006,13.052104,migrationskartan,1
Malmö Muslimska församling,Sunni,migrationskartan,1977,Okänt,"Sallerupsvägen, Videdal, Öster, Malmö, Malmö kommun, Skåne län, 212 28, Sverige",55.596677,13.05391,migrationskartan,1
AbuBakar Mosque (Afghan Mosque),Sunni,migrationskartan,2017,Okänt,"Lantmannagatan, Södra Sofielund, Innerstaden, Malmö, Malmö kommun, Skåne län, 214 48, Sverige",55.581184,13.019592,migrationskartan,1
Arlövs Muslimska Kulturförening,Sannolikt Sunni,migrationskartan-gissning,2013,Okänt,"4, Hantverkaregatan, Arlöv, Malmö, Burlövs kommun, Skåne län, 232 34, Sverige",55.636599,13.076327,migrationskartan,1
Lunds Moské (Islamiska kulturcentret i Lund),Sunni,migrationskartan,1998,Okänt,"14, Åldermansgatan, Kobjer, Kobjärsvången, Väster, Lund, Lunds kommun, Skåne län, 227 64, Sverige",55.712095,13.17097,migrationskartan+osm+muslimer.se,3
Masjid Lund - Lunds Moské - مسجد لوند,Sunni (salafistisk),migrationskartan,2010,Okänt,"26c, Vikingavägen, Linero, Öster, Lund, Lunds kommun, Skåne län, 224 77, Sverige",55.693847,13.24001,migrationskartan+osm,3
Islamisk Kulturen in Lund,Sannolikt Sunni,migrationskartan-gissning,,Okänt,"18h, Sunnanväg, Klostergården, Söder, Lund, Lunds kommun, Skåne län, 220 09, Sverige",55.691825,13.173471,migrationskartan,1
Bosniska Islamiska Församlingen Trelleborg,Sunni (hanafi),migrationskartan,1995,Okänt,"Hedvägen, Granlunda, Trelleborg, Trelleborgs kommun, Skåne län, 231 43, Sverige",55.380597,13.157948,migrationskartan,1
Skurup-moskén,Sannolikt Sunni,migrationskartan-gissning,2020,Okänt,"Kyrkogatan, Skurup, Skurups kommun, Skåne län, 274 34, Sverige",55.481009,13.501045,migrationskartan,1
Islamiska Kulturcentret Durimi i Hörby,"Sunni (albansk, hanafi)",albanskspråkigt namn,2015,Okänt,"Råbyvägen, Råby, Hörby, Hörby kommun, Skåne län, 242 35, Sverige",55.843082,13.674526,migrationskartan,1
Islamiska församlingen i Landskrona,Sannolikt Sunni,migrationskartan-gissning,1987,Okänt,"11C, Silvergården, Silverängen, Karlslund, Landskrona, Landskrona kommun, Skåne län, 261 41, Sverige",55.888425,12.844255,migrationskartan+osm,2
Bosniakiska islamiska samfundet i Sverige - Församlingen i Landskrona,Sunni (hanafi),migrationskartan,1994,Okänt,"5, Engelbrektsgatan, Citadellstaden, Karlslund, Landskrona, Landskrona kommun, Skåne län, 261 33, Sverige",55.874885,12.83275,migrationskartan,1
AIF IKRA,Sannolikt Sunni,migrationskartan-gissning,2012,Okänt,"Albanska Islamiska Föreningen Ikra, 14, Ödmanssonsgatan, Citadellstaden, Karlslund, Landskrona, Landskrona kommun, Skåne län, 261 34, Sverige",55.871691,12.837898,migrationskartan+osm,2
Helsingborg Moské,Sannolikt Sunni,migrationskartan-gissning,1994,Okänt,"Helsingborgs moské, 15, Grusvägen, Dalhem, Helsingborg, Helsingborgs kommun, Skåne län, 254 64, Sverige",56.075482,12.747882,migrationskartan+osm,2
Al Salam Center I Helsingborg,Sannolikt Sunni,migrationskartan-gissning,2018,Okänt,"65, Södergatan, Söder, Helsingborg, Helsingborgs kommun, Skåne län, 252 25, Sverige",56.038059,12.704076,migrationskartan,1
Bosniska Islamiska Församlingen Helsingborg,Sunni (hanafi),migrationskartan,2000,Okänt,"10, Bjäregatan, Eneborg, Helsingborg, Helsingborgs kommun, Skåne län, 252 48, Sverige",56.041314,12.707695,migrationskartan,1
Islamiska föreningen Helsingborg,Sannolikt Sunni,migrationskartan-gissning,1995,Okänt,"15, Carl Krooks gata, Söder, Helsingborg, Helsingborgs kommun, Skåne län, 252 25, Sverige",56.041646,12.700541,migrationskartan,1
Åstorps Moské,Sannolikt Sunni,migrationskartan-gissning,2018,Okänt,"Storgatan, Åstorp, Åstorps kommun, Skåne län, 265 34, Sverige",56.136456,12.947802,migrationskartan,1
Klippans moské,Sannolikt Sunni,migrationskartan-gissning,,Okänt,"Åbygatan, Klippan, Klippans kommun, Skåne län, 264 33, Sverige",56.131799,13.130706,migrationskartan,1
Masjid Alnour,Sannolikt Sunni,migrationskartan-gissning,,Okänt,"6, Västra Vallgatan, Kristianstad City, Kristianstad, Kristianstads kommun, Skåne län, 291 30, Sverige",56.030151,14.154346,migrationskartan,1
Islamiska Kulturföreningen Ängelholm,Sannolikt Sunni,migrationskartan-gissning,2015,Okänt,"Östergatan, Ängelholm, Ängelholms kommun, Skåne län, 262 35, Sverige",56.244252,12.864687,migrationskartan,1
Social och Kultur Förening(Moské),Sannolikt Sunni,migrationskartan-gissning,2018,Okänt,"Tomtaholmsvägen, Hemmeslöv, Östra Karup, Båstads kommun, Skåne län, 269 41, Sverige",56.426691,12.940112,migrationskartan,1
Halmstad moské,Sannolikt Sunni,migrationskartan-gissning,,Okänt,"Fredsgatan, Östra Förstaden, Halmstad, Halmstads kommun, Hallands län, 302 46, Sverige",56.673783,12.860964,migrationskartan,1
Bosnjakiska Islamska Församlingen Halmstad,Sunni (hanafi),migrationskartan,1998,Okänt,"Gesällgatan, Linehed, Halmstad, Halmstads kommun, Hallands län, 302 54, Sverige",56.659362,12.894064,migrationskartan,1
Andersbergsmoskén,Sannolikt Sunni,migrationskartan-gissning,2021,Okänt,"153, Andersbergsringen, Andersberg, Halmstad, Halmstads kommun, Hallands län, 302 22, Sverige",56.658406,12.898698,migrationskartan,1
Strömsnäsbruks moské,Sannolikt Sunni,migrationskartan-gissning,2018,Okänt,"Järnvägsgatan, Strömsnäsbruk, Markaryds kommun, Kronobergs län, 287 72, Sverige",56.542671,13.727948,migrationskartan,1
Karlshamn-moskén,Sannolikt Sunni,migrationskartan-gissning,2016,Okänt,"21, Fridhemsgatan, Högadal, Karlshamn, Karlshamns kommun, Blekinge län, 374 41, Sverige",56.187462,14.857112,migrationskartan+osm,2
"Alsalam moské, Karlshamn",Sannolikt Sunni,migrationskartan-gissning,2016,Okänt,"Fabriksvägen, Buskelund, Mörrum, Karlshamns kommun, Blekinge län, 375 30, Sverige",56.184646,14.746081,migrationskartan,1
Ronneby moske,Sannolikt Sunni,migrationskartan-gissning,2009,Okänt,"Västra Industrigatan, Sörby, Ronneby, Ronneby kommun, Blekinge län, 372 31, Sverige",56.215137,15.266128,migrationskartan,1
Bosniska Islamiska Församlingen Kalmar,Sunni (hanafi),migrationskartan,1995,Okänt,"35, Två Bröders väg, Norrliden, Kalmar, Kalmar kommun, Kalmar län, 393 58, Sverige",56.7031,16.354835,migrationskartan,1
Muslimska Samfundet i Kalmar,Sannolikt Sunni,migrationskartan-gissning,2021,Okänt,"Wismarsvägen, Berga industriområde, Kalmar, Kalmar kommun, Kalmar län, 393 54, Sverige",56.692609,16.322228,migrationskartan,1
Islamiska Kulturföreningen Salam I Kalmar,Sannolikt Sunni,migrationskartan-gissning,2003,Okänt,"27, Storgatan, Kvarnholmen, Kalmar, Kalmar kommun, Kalmar län, 392 32, Sverige",56.663822,16.364397,migrationskartan+muslimer.se,2
Nybro moske,Sannolikt Sunni,migrationskartan-gissning,2015,Okänt,"382 41, Nybro kommun, Kalmar län, Sverige",56.746249,15.908511,migrationskartan,1
Oskarshamn Moské,Sannolikt Sunni,migrationskartan-gissning,2023,Okänt,"Södra Långgatan, Norrtorn, Oskarshamn, Oskarshamns kommun, Kalmar län, 572 55, Sverige",57.263098,16.443788,migrationskartan,1
Bosnian Mosque,Sunni (hanafi),migrationskartan,,Okänt,"Arabygatan, Västra Mark, Växjö, Växjö kommun, Kronobergs län, 351 80, Sverige",56.888046,14.78236,migrationskartan,1
Ljungby moské,Sannolikt Sunni,migrationskartan-gissning,2014,Okänt,"Skånegatan, Gänget, Ljungby, Ljungby kommun, Kronobergs län, 341 60, Sverige",56.831334,13.931027,migrationskartan,1
Misk-moskén,Sannolikt Sunni,migrationskartan-gissning,2017,Okänt,"Storgatan, Högsby gård, Högsby, Högsby kommun, Kalmar län, 579 30, Sverige",57.161105,16.03074,migrationskartan,1
Lessebo moské (Masjid),Sannolikt Sunni,migrationskartan-gissning,,Okänt,"3a, Rasthagsvägen, Lessebo, Lessebo kommun, Kronobergs län, 365 32, Sverige",56.754407,15.276159,migrationskartan,1
Vetlanda moské,Sannolikt Sunni,migrationskartan-gissning,2026,Okänt,"5, Vasagatan, Brogårds industriområde, Vetlanda, Vetlanda kommun, Jönköpings län, 574 38, Sverige",57.421588,15.079847,migrationskartan,1
Bosniakiska Islamiska Församlingen Vetlanda,Sunni (hanafi),migrationskartan,1995,Okänt,"Kyrkogatan, Vetlanda, Vetlanda kommun, Jönköpings län, 574 31, Sverige",57.428233,15.08326,migrationskartan,1
Värnamo moske/Internationella Islamiska Förening i Värnamo,Sannolikt Sunni,migrationskartan-gissning,2008,Okänt,"Jönköpingsvägen, Norra Salutorget, Värnet, Värnamo, Värnamo kommun, Jönköpings län, 331 34, Sverige",57.197752,14.035522,migrationskartan,1
BIS-Församlingen Värnamo (Džemat Värnamo),Sunni (hanafi),migrationskartan,1997,Okänt,"Västermogatan, Norra Salutorget, Snipen, Värnamo, Värnamo kommun, Jönköpings län, 331 27, Sverige",57.184124,14.037509,migrationskartan,1
Bosniska Islamiska Församlingen Gislaved,Sunni (hanafi),migrationskartan,1999,Okänt,,57.28983,13.525873,migrationskartan,1
Gislaved Mosque,Sannolikt Sunni,migrationskartan-gissning,,Okänt,"Västergatan, Gislaved, Gislaveds kommun, Jönköpings län, 332 23, Sverige",57.303008,13.534988,migrationskartan,1
Bosnjakiska Islamiska Församlingen I Varberg,Sunni (hanafi),migrationskartan,2004,Okänt,"Västkustvägen, Karlberg, Brunnsberg, Varberg, Varbergs kommun, Hallands län, 432 80, Sverige",57.107572,12.2625,migrationskartan,1
Islamiska Kulturella föreningen i Varberg,Sannolikt Sunni,migrationskartan-gissning,2017,Okänt,"Härdgatan, Nedregårdens industriområde, Nedregården, Varberg, Varbergs kommun, Hallands län, 432 32, Sverige",57.117286,12.29249,migrationskartan,1
Skillingaryd moské,Sannolikt Sunni,migrationskartan-gissning,,Okänt,"Mellangatan, Eksområdet, Marielundsområdet, Skillingaryd, Vaggeryds kommun, Jönköpings län, 568 30, Sverige",57.422269,14.082107,migrationskartan+osm,2
Nässjö moské,Sannolikt Sunni,migrationskartan-gissning,2018,Okänt,"Norråsagatan, Runneryd, Norrboda, Nässjö, Nässjö kommun, Jönköpings län, 571 32, Sverige",57.660053,14.696933,migrationskartan,1
Aneby Islamiska Förening,Sannolikt Sunni,migrationskartan-gissning,2016,Okänt,"Parkgatan, Hillerstorp, Aneby, Aneby kommun, Jönköpings län, 578 33, Sverige",57.839518,14.809678,migrationskartan,1
Jönköpings Islamiska Församling,Sannolikt Sunni,migrationskartan-gissning,,Okänt,"Kärrhöksgatan, Lockebo, Råslätt, Jönköping, Jönköpings kommun, Jönköpings län, 556 11, Sverige",57.736387,14.147761,migrationskartan+muslimer.se,2
Bosniakiska Islamiska Församlingen Jönköping,Sunni (hanafi),migrationskartan,1995,Okänt,"40, Mellangatan, Målen, Norrboda, Nässjö, Nässjö kommun, Jönköpings län, 571 42, Sverige",57.651225,14.685322,migrationskartan,1
Jönköpings Islamic Center,Sannolikt Sunni,migrationskartan-gissning,2007,Okänt,"Birkagatan, Kungsängen, Öxnehaga, Huskvarna, Jönköpings kommun, Jönköpings län, 561 51, Sverige",57.786401,14.261735,migrationskartan,1
Linköpings moské,Sunni,migrationskartan,1992,Okänt,"49, Hamngatan, Hejdegården, Linköpings Sankt Lars, Linköping, Linköpings kommun, Östergötlands län, 582 43, Sverige",58.40346,15.633849,migrationskartan+osm+muslimer.se,3
Bosniska Islamiska Församlingen Linköping,Sunni (hanafi),migrationskartan,,Okänt,"3, Magasinsgränd, Innerstaden, Linköpings Sankt Lars, Linköping, Linköpings kommun, Östergötlands län, 582 26, Sverige",58.409997,15.630497,migrationskartan,1
Abisko moské,Sannolikt Sunni,migrationskartan-gissning,,Okänt,"3, Norgegatan, Övre Vasastaden, Vasastaden, Linköpings domkyrkodistrikt, Linköping, Linköpings kommun, Östergötlands län, 582 31, Sverige",58.416779,15.606371,migrationskartan,1
Svenljunga moské,Sannolikt Sunni,migrationskartan-gissning,2013,Okänt,"Torggatan, Moga, Svenljunga, Svenljunga kommun, Västra Götalands län, 512 53, Sverige",57.495907,13.111357,migrationskartan,1
Islamiska Kulturcentret Kandili,Sunni (turkisk/hanafi),migrationskartan,2023,Okänt,"22, Rosendalsgatan, Bergsäter, Östermalm, Borås, Borås kommun, Västra Götalands län, 504 52, Sverige",57.715744,12.961252,migrationskartan,1
Borås Moské,Sunni,sv.Wikipedia: Sunni,1998,Okänt,"16, Magasinsgatan, Norrby, Borås, Borås kommun, Västra Götalands län, 504 35, Sverige",57.721198,12.930883,migrationskartan+osm+muslimer.se,3
Bosnisk Islamiska Församlingen Borås,Sunni (hanafi),migrationskartan,1994,Okänt,"9, Teknikgatan, Tullen, Borås, Borås kommun, Västra Götalands län, 504 62, Sverige",57.716438,12.896685,migrationskartan+osm,2
Chalmers Islamiska Förening,Sannolikt Sunni,migrationskartan-gissning,2000,Okänt,"4, Sven Hultins Gata, Johanneberg, Centrum, Göteborg, Göteborgs Stad, Västra Götalands län, 413 21, Sverige",57.688319,11.97472,migrationskartan,1
Bellevue Moské,Sunni (salafistisk/wahhabitisk),migrationskartan,1993,Okänt,"Stallmästaregatan, Kviberg, Gamlestaden, Nordost, Göteborg, Göteborgs Stad, Västra Götalands län, 415 05, Sverige",57.730172,12.022422,migrationskartan+osm,2
Bosniska Islamiska Församlingen Göteborg,Sunni (hanafi),migrationskartan,1994,Okänt,"Generalsgatan, Kviberg, Gamlestaden, Nordost, Göteborg, Göteborgs Stad, Västra Götalands län, 415 26, Sverige",57.731385,12.024033,migrationskartan,1
Kvillebäcken Moské,Sannolikt Sunni,migrationskartan-gissning,2017,Okänt,"Gamla Tuvevägen, Backaplan, Kvillebäcken, Hisingen, Göteborg, Göteborgs Stad, Västra Götalands län, 417 24, Sverige",57.726164,11.945942,migrationskartan,1
Göteborgs moské,Sunni,migrationskartan,2011,Okänt,"Myntgatan, Rambergsstaden, Hisingen, Göteborg, Göteborgs Stad, Västra Götalands län, 417 01, Sverige",57.71431,11.944693,migrationskartan+osm+muslimer.se,3
Islamisk Centrum i Göteborg,Sannolikt Sunni,migrationskartan-gissning,1977,Okänt,"Turbingatan, Backaplan, Kvillebäcken, Hisingen, Göteborg, Göteborgs Stad, Västra Götalands län, 417 24, Sverige",57.727103,11.950057,migrationskartan,1
Hammarkullens moské,Sannolikt Sunni,migrationskartan-gissning,,Okänt,"Hammarkullegatan, Hammarkullen, Nordost, Göteborg, Göteborgs Stad, Västra Götalands län, 424 37, Sverige",57.781457,12.038572,migrationskartan,1
Angered Islamiska Församling,Sannolikt Sunni,migrationskartan-gissning,2015,Okänt,"Angeredsvinkeln, Angered, Angereds Centrum, Nordost, Göteborg, Göteborgs Stad, Västra Götalands län, 424 67, Sverige",57.799522,12.042996,migrationskartan,1
Kulturföreningen Amaneti,Sannolikt Sunni,migrationskartan-gissning,2011,Okänt,"Vaniljgatan, Lövgärdet, Nordost, Göteborg, Göteborgs Stad, Västra Götalands län, 424 45, Sverige",57.815901,12.039785,migrationskartan,1
Bosniska Islamiska Församlingen Surte,Sunni (hanafi),migrationskartan,2000,Okänt,"Pizzeria Napoli, 76, Göteborgsvägen, Surte, Ale kommun, Västra Götalands län, 445 57, Sverige",57.827923,12.014747,migrationskartan,1
Islamiska Center i Alingsås,Sannolikt Sunni,migrationskartan-gissning,2008,Okänt,"Stora torget, Sörhaga, Alingsås distrikt, Alingsås, Alingsås kommun, Västra Götalands län, 441 30, Sverige",57.930066,12.532526,migrationskartan,1
Vårgårda Masjid,Sannolikt Sunni,migrationskartan-gissning,,Okänt,"21, Centrumgatan, Klockarebolet, Kullings-Skövde distrikt, Vårgårda, Vårgårda kommun, Västra Götalands län, 447 30, Sverige",58.034849,12.809473,migrationskartan,1
Vänersborgs Moské,Sannolikt Sunni,migrationskartan-gissning,1994,Okänt,"Torpavägen, Mariero, Vänersborg, Vänersborgs kommun, Västra Götalands län, 462 36, Sverige",58.370494,12.330399,migrationskartan,1
Lysekils moské,Sannolikt Sunni,migrationskartan-gissning,,Okänt,"Valbogatan, Slätten, Lysekil, Lysekils kommun, Västra Götalands län, 453 35, Sverige",58.278834,11.443896,migrationskartan,1
FALKÖPINGS ISLAMISKA FÖRENING FIF,Sannolikt Sunni,migrationskartan-gissning,2005,Okänt,"55c, Dotorpsgatan, Dotorp, Falköpings distrikt, Falköping, Falköpings kommun, Västra Götalands län, 521 44, Sverige",58.170308,13.560642,migrationskartan,1
Falköpings Moské,Sannolikt Sunni,migrationskartan-gissning,2005,Okänt,"5, Sten Sturegatan, Ranten, Falköpings distrikt, Falköping, Falköpings kommun, Västra Götalands län, 521 32, Sverige",58.177778,13.557821,migrationskartan+osm,2
Al-Salam Khovdeh Mosque,Sannolikt Sunni,migrationskartan-gissning,2021,Okänt,"Grenanders gata, Östermalm, Skövde, Skövde kommun, Västra Götalands län, 541 35, Sverige",58.388731,13.865413,migrationskartan,1
Kultur & Fredsförening (Fredsmoskén),Sannolikt Sunni,migrationskartan-gissning,,Okänt,"Drottning Kristinas väg, Marieholm, Ekudden, Mariestad, Mariestads kommun, Västra Götalands län, 542 44, Sverige",58.705129,13.804296,migrationskartan,1
Karlstad Moské,Sannolikt Sunni,migrationskartan-gissning,1993,Okänt,"Jakthornsgatan, Östra Kroppkärr, Kronoparken, Karlstad, Karlstads kommun, Värmlands län, 656 32, Sverige",59.406352,13.566199,migrationskartan,1
مسجد فيمربي Vimmerby moskén,Sannolikt Sunni,migrationskartan-gissning,,Okänt,"19, Sevedegatan, Åbro, Vimmerby, Vimmerby kommun, Kalmar län, 598 37, Sverige",57.666657,15.850846,migrationskartan,1
Gotland Moské Visby,Sannolikt Sunni,migrationskartan-gissning,2009,Okänt,"Mästergatan, Bingeby, Visby, Gotlands kommun, Gotlands län, 621 42, Sverige",57.641587,18.313349,migrationskartan+muslimer.se,2
Svedska islamska zajednica Norrköping,Sunni (hanafi),migrationskartan,2014,Okänt,"Butängsgatan, Butängen, Norrköping, Norrköpings kommun, Östergötlands län, 602 22, Sverige",58.597417,16.182881,migrationskartan,1
Bosniska Islamiska Församlingen Norrköping,Sunni (hanafi),migrationskartan,1995,Okänt,"Kojan Film, 125, Norra promenaden, Nordantill, Norrköping, Norrköpings kommun, Östergötlands län, 602 22, Sverige",58.594916,16.179056,migrationskartan+osm,2
Masjid Lidköping moské,Sannolikt Sunni,migrationskartan-gissning,2012,Okänt,"Norra Torngatan, Nya staden, Lidköping distrikt, Lidköping, Lidköpings kommun, Västra Götalands län, 531 30, Sverige",58.505454,13.156531,migrationskartan,1
Lidköpings Moské مسجد ليدشوبينغ,Sannolikt Sunni,migrationskartan-gissning,2012,Okänt,"Sockerbruksgatan, Industriområdet Östra hamnen, Vänersvik, Lidköping distrikt, Lidköping, Lidköpings kommun, Västra Götalands län, 531 33, Sverige",58.500623,13.18511,migrationskartan,1
Oxelösund-Masjed,Sannolikt Sunni,migrationskartan-gissning,,Okänt,"Föreningsgatan, Stenvik, Oxelösund, Oxelösunds kommun, Södermanlands län, 613 31, Sverige",58.671689,17.108094,migrationskartan,1
Nyköpings moské,Sannolikt Sunni,migrationskartan-gissning,1994,Okänt,"Nyköpings moské, 4, S:t Annegatan, Öster, Nyköping, Nyköpings kommun, Södermanlands län, 611 34, Sverige",58.753915,17.014096,migrationskartan+osm,2
Katarinaholm-moskén,Sannolikt Sunni,migrationskartan-gissning,1994,Okänt,"Värmbolsvägen, Värmbol, Katrineholm, Katrineholms kommun, Södermanlands län, 641 51, Sverige",58.991741,16.168463,migrationskartan,1
Laxå moské,Sannolikt Sunni,migrationskartan-gissning,2020,Okänt,"Tivedsvägen, Laxå, Ramundeboda distrikt, Laxå kommun, Örebro län, 695 30, Sverige",58.982284,14.614698,migrationskartan,1
Bosnisk Islamiska Församlingen Örebro,Sunni (hanafi),migrationskartan,1994,Okänt,"Bosnisk Islamiska Moskén, 81, Karlslundsgatan, Västra Mark, Örebro, Örebro kommun, Örebro län, 703 47, Sverige",59.275138,15.183341,migrationskartan+osm,2
Mosque Hällefors,Sannolikt Sunni,migrationskartan-gissning,,Okänt,"Lekstigen, Klockarhagen, Hällefors, Hällefors kommun, Örebro län, 712 34, Sverige",59.788975,14.521507,migrationskartan+osm,2
Köpings Sunnah Islamiska Förening,Sunni,migrationskartan,,Okänt,"Mariebergsgatan, Nyckelberget, Köping, Köpings kommun, Västmanlands län, 731 98, Sverige",59.520327,15.988531,migrationskartan,1
Köpings Moské,Sannolikt Sunni,migrationskartan-gissning,,Okänt,"Scheelegatan, Byjorden, Köping, Köpings kommun, Västmanlands län, 731 50, Sverige",59.517138,15.984148,migrationskartan,1
Årby Moské,Sannolikt Sunni,migrationskartan-gissning,2013,Okänt,"Årbygatan, Eskilshem, Gamla staden, Eskilstuna, Eskilstuna kommun, Södermanlands län, 633 44, Sverige",59.383672,16.523554,migrationskartan,1
Ar-rahman moské,Sannolikt Sunni,migrationskartan-gissning,,Okänt,"Järntorgsgatan, Nyfors, Snopptorp, Eskilstuna, Eskilstuna kommun, Södermanlands län, 632 27, Sverige",59.367223,16.508485,migrationskartan,1
Sabirin Moskén,Sannolikt Sunni,migrationskartan-gissning,2002,Okänt,"Stensborgsgatan, Spiken-Synthesen, Söder, Eskilstuna, Eskilstuna kommun, Södermanlands län, 633 55, Sverige",59.361872,16.526905,migrationskartan,1
Eritreanska Islamiska Föreningen i Eskilstuna,Sunni (eritreansk),eritreansk (Negashi),,Okänt,"Bellmansplan, Snopptorp, Eskilstuna, Eskilstuna kommun, Södermanlands län, 632 29, Sverige",59.35868,16.50532,migrationskartan,1
Kalam Akademin,Sannolikt Sunni,migrationskartan-gissning,2024,Okänt,"724 73, Västerås kommun, Västmanlands län, Sverige",59.600736,16.480523,migrationskartan,1
Moské,Sannolikt Sunni,migrationskartan-gissning,,Okänt,"91, Jakobsgatan, Vetterslund, Västerås, Västerås kommun, Västmanlands län, 724 63, Sverige",59.616149,16.514483,migrationskartan,1
Västerås Moskén,Sannolikt Sunni,migrationskartan-gissning,2002,Okänt,"88, Stora gatan, Västermalm, Västerås, Västerås kommun, Västmanlands län, 724 61, Sverige",59.606881,16.53344,migrationskartan+osm,2
Al-Rahma Moskén,Sannolikt Sunni,migrationskartan-gissning,2018,Okänt,"721 30, Västerås kommun, Västmanlands län, Sverige",59.613,16.561865,migrationskartan,1
Aisha center,Sannolikt Sunni,migrationskartan-gissning,2012,Okänt,"9, Ängsgärdsgatan, Ängsgärdet, Västerås, Västerås kommun, Västmanlands län, 721 30, Sverige",59.614956,16.566704,migrationskartan,1
Västerås Moské,Sannolikt Sunni,migrationskartan-gissning,2002,Okänt,"Kopparbergsvägen, Karlsdal, Västerås, Västerås kommun, Västmanlands län, 722 14, Sverige",59.616671,16.553164,migrationskartan,1
Strängnäs Moské,Sannolikt Sunni,migrationskartan-gissning,2003,Okänt,"Gyllenhjelmsgatan, Abborrberget, Strängnäs, Strängnäs kommun, Södermanlands län, 645 30, Sverige",59.375866,17.031533,migrationskartan,1
Flens Moske,Sannolikt Sunni,migrationskartan-gissning,,Okänt,"Floragatan, Salsta, Flen, Flens kommun, Södermanlands län, 642 35, Sverige",59.054584,16.586381,migrationskartan,1
Enköping moské,Sannolikt Sunni,migrationskartan-gissning,2016,Okänt,"Östra Järnvägsgatan, Myran, Enköping, Enköpings kommun, Uppsala län, 745 34, Sverige",59.646361,17.0839,migrationskartan,1
Islamisk kulturell förening الجمعية الثقافية الإسلامية,Sannolikt Sunni,migrationskartan-gissning,2008,Okänt,"40, Erikshällsgatan, Mariekälla, Tälje, Södertälje, Södertälje kommun, Stockholms län, 151 45, Sverige",59.186769,17.610691,migrationskartan+muslimer.se,2
Somaliska förening i Södertälje,"Sunni (somalisk, shafiʽi)",somalisk församling,2012,Okänt,"2, Höglandsvägen, Rosenlund, Södertälje, Södertälje kommun, Stockholms län, 152 31, Sverige",59.1974,17.64844,migrationskartan,1
Islamiskt Kulturcentrum i Jordbro,Sannolikt Sunni,migrationskartan-gissning,2000,Okänt,"180, Södra Jordbrovägen, Kalvsvik, Jordbro, Haninge kommun, Stockholms län, 137 68, Sverige",59.14031,18.145409,migrationskartan,1
JORDBRO MOSKE,Sannolikt Sunni,migrationskartan-gissning,2010,Okänt,"25, Moränvägen, Jordbro, Haninge kommun, Stockholms län, 137 64, Sverige",59.140882,18.134229,migrationskartan,1
Haninge Islamiska Forum In,Sannolikt Sunni,migrationskartan-gissning,2015,Okänt,"Handens stationsväg, Mellanberg, Handen, Haninge kommun, Stockholms län, 136 81, Sverige",59.167937,18.135486,migrationskartan,1
Islamiska Församlingen Haninge,Sannolikt Sunni,migrationskartan-gissning,1986,Okänt,"Jungfruns gata, Brandbergen, Handen, Haninge kommun, Stockholms län, 136 60, Sverige",59.172701,18.16855,migrationskartan,1
Dawat e Tablig Mosque - Hallunda,Sunni (Tablighi/Deobandi),migrationskartan,,Okänt,"Hallundavägen, Norsborg, Fiskarhagen, Botkyrka kommun, Stockholms län, 145 69, Sverige",59.243904,17.820853,migrationskartan,1
Islamiska föreningen i Botkyrka جمعية الثقافة الاسلامية في بوتشيركا,Sannolikt Sunni,migrationskartan-gissning,1991,Okänt,"Krögarvägen, Slagsta, Botkyrka kommun, Stockholms län, 145 52, Sverige",59.246367,17.85461,migrationskartan,1
Skärholmens moské,Sannolikt Sunni,migrationskartan-gissning,,Okänt,"Bredholmsgatan, Skärholmen, Skärholmens stadsdelsområde, Stockholm, Stockholms kommun, Stockholms län, 127 48, Sverige",59.274484,17.906543,migrationskartan,1
Dawa Tablig Förening,Sunni (Tablighi/Deobandi),migrationskartan,,Okänt,"51, Vita Liljans Väg, Bredäng, Skärholmens stadsdelsområde, Stockholm, Stockholms kommun, Stockholms län, 127 34, Sverige",59.292512,17.93868,migrationskartan,1
Masjid Al-Imam Malek,Sunni,migrationskartan,,Okänt,"36, Safirgränd, Solberga, Hägersten-Älvsjö stadsdelsområde, Stockholm, Stockholms kommun, Stockholms län, 126 79, Sverige",59.290515,18.001795,migrationskartan,1
Islamiska Kulturföreningen i Stockholm,Sunni,migrationskartan,2000,Okänt,"23, Kocksgatan, Södermalm, Södermalms stadsdelsområde, Stockholm, Stockholms kommun, Stockholms län, 116 24, Sverige",59.31415,18.078291,migrationskartan,1
Stockholms Moské,Sunni,migrationskartan,2000,Okänt,"Kapellgränd, Södermalm, Södermalms stadsdelsområde, Stockholm, Stockholms kommun, Stockholms län, 116 25, Sverige",59.316159,18.076379,migrationskartan+osm+muslimer.se,3
Islamiska Föreningen I Stockholm,Sunni,migrationskartan,1986,Okänt,"34, Apelbergsgatan, Norrmalm, Norra innerstadens stadsdelsområde, Stockholm, Stockholms kommun, Stockholms län, 111 38, Sverige",59.336515,18.064867,migrationskartan,1
Fatih Moské,Sunni (turkisk/Diyanet/Milli Görüş),migrationskartan,1986,Okänt,"94, Sveavägen, Sibirien, Vasastaden, Norra innerstadens stadsdelsområde, Stockholm, Stockholms kommun, Stockholms län, 113 59, Sverige",59.341895,18.057846,migrationskartan,1
Arrahmah Masjid,Sannolikt Sunni,migrationskartan-gissning,2009,Okänt,"152, Vällingbyvägen, Vällingby, Hässelby-Vällingby stadsdelsområde, Stockholm, Stockholms kommun, Stockholms län, 162 55, Sverige",59.363971,17.8781,migrationskartan,1
Hässelby moské,Sannolikt Sunni,migrationskartan-gissning,,Okänt,"128, Kvarnhagsgatan, Hässelby gård, Hässelby-Vällingby stadsdelsområde, Stockholm, Stockholms kommun, Stockholms län, 165 56, Sverige",59.366148,17.847013,migrationskartan,1
Rissne Moske,Sannolikt Sunni,migrationskartan-gissning,,Okänt,"8, Frodevägen, Odenslunda, Fresta, Upplands Väsby, Upplands Väsby kommun, Stockholms län, 194 54, Sverige",59.517891,17.940847,migrationskartan,1
Rinkeby Mevlana Moskén,Sunni (turkisk/Diyanet),migrationskartan,,Okänt,"Rinkeby allé, Rinkeby, Järva stadsdelsområde, Stockholm, Stockholms kommun, Stockholms län, 163 74, Sverige",59.386736,17.933504,migrationskartan,1
Islamiska Kulturcenter,Sannolikt Sunni,migrationskartan-gissning,1992,Okänt,"Rinkebysvängen, Rinkeby, Järva stadsdelsområde, Stockholm, Stockholms kommun, Stockholms län, 163 74, Sverige",59.383508,17.933685,migrationskartan,1
Spanga Camii - moské,Sunni (turkisk/Diyanet),migrationskartan,,Okänt,"Västerby backe, Rinkeby, Järva stadsdelsområde, Stockholm, Stockholms kommun, Stockholms län, 163 73, Sverige",59.388336,17.932457,migrationskartan,1
Islamiska Förbundet I Järva,Sunni,migrationskartan,1992,Okänt,"Hinderstorps gränd, Rinkeby, Järva stadsdelsområde, Stockholm, Stockholms kommun, Stockholms län, 163 73, Sverige",59.38941,17.928368,migrationskartan,1
Tensta Moskén,Sannolikt Sunni,migrationskartan-gissning,1996,Okänt,"Tenstagången, Tensta, Järva stadsdelsområde, Stockholm, Stockholms kommun, Stockholms län, 163 64, Sverige",59.39468,17.900877,migrationskartan,1
Eritreanska moskén i Tensta,Sunni (eritreansk),eritreansk (Negashi),2024,Okänt,"46, Lättingebacken, Sörgården, Tensta, Järva stadsdelsområde, Stockholm, Stockholms kommun, Stockholms län, 163 62, Sverige",59.397127,17.908714,migrationskartan,1
"Khadija Center , Moskén och komplexet tillägnat Khadija",Sannolikt Sunni,migrationskartan-gissning,2018,Okänt,"Kista torg, Kista, Järva stadsdelsområde, Stockholm, Stockholms kommun, Stockholms län, 164 42, Sverige",59.401912,17.94256,migrationskartan,1
Husby Islamiska Kulturcenter,Sannolikt Sunni,migrationskartan-gissning,1986,Okänt,"Edvard Griegsgången, Husby, Järva stadsdelsområde, Stockholm, Stockholms kommun, Stockholms län, 164 34, Sverige",59.4063,17.933014,migrationskartan,1
Akalla Moské,Sannolikt Sunni,migrationskartan-gissning,1992,Okänt,"2, Sibeliusgången, Akalla, Järva stadsdelsområde, Stockholm, Stockholms kommun, Stockholms län, 164 73, Sverige",59.413019,17.922057,migrationskartan,1
Akalla Moské Fredagsbön,Sannolikt Sunni,migrationskartan-gissning,1992,Okänt,"Pantbanken Sverige, Kistagången, Kista, Järva stadsdelsområde, Stockholm, Stockholms kommun, Stockholms län, 164 91, Sverige",59.402477,17.944345,migrationskartan,1
Turkiskt islamiskt kulturcenter i Stockholm,Sunni (turkisk/Diyanet),migrationskartan,1988,Okänt,"Rinkebyplan, Rinkeby, Järva stadsdelsområde, Stockholm, Stockholms kommun, Stockholms län, 163 73, Sverige",59.387531,17.929945,migrationskartan,1
Sollentuna Moské,Sannolikt Sunni,migrationskartan-gissning,1987,Okänt,"11B, Oppegårdsstråket, Töjnan, Tureberg, Sollentuna kommun, Stockholms län, 191 60, Sverige",59.429376,17.945227,migrationskartan,1
Järfälla Moské,Sannolikt Sunni,migrationskartan-gissning,2030,Okänt,"Snapphanevägen, Veddesta, Järfälla kommun, Sollentuna kommun, Stockholms län, 177 38, Sverige",59.414088,17.84995,migrationskartan,1
Bro Moske,Sannolikt Sunni,migrationskartan-gissning,2009,Okänt,"25A, Fjärilsstigen, Bro, Upplands-Bro kommun, Stockholms län, 197 35, Sverige",59.512581,17.654219,migrationskartan,1
"Märsta islamiska Center , Masjid",Sannolikt Sunni,migrationskartan-gissning,2016,Okänt,"Söderbyvägen, Märsta, Sigtuna kommun, Stockholms län, 195 60, Sverige",59.614357,17.880576,migrationskartan,1
Knivsta Mosque,Sannolikt Sunni,migrationskartan-gissning,2017,Okänt,"6g, Forsbyvägen, Nya Tarv, Knivsta, Knivsta kommun, Uppsala län, 741 40, Sverige",59.724857,17.79051,migrationskartan,1
Gottsunda moske,Sannolikt Sunni,migrationskartan-gissning,2003,Okänt,"Stenhammars Väg, Södra Gottsunda, Gottsunda, Uppsala, Uppsala kommun, Uppsala län, 756 48, Sverige",59.811794,17.621675,migrationskartan+osm,2
Stenhagen Moske,Sannolikt Sunni,migrationskartan-gissning,2030,Okänt,"Stenhagsvägen, Stenhagen, Uppsala, Uppsala kommun, Uppsala län, 752 60, Sverige",59.853177,17.571393,migrationskartan,1
Rimbo moskè,Sannolikt Sunni,migrationskartan-gissning,,Okänt,"Valterlind, 5, Verkstadsvägen, Karby, Rimbo, Norrtälje kommun, Stockholms län, 762 51, Sverige",59.744689,18.372333,migrationskartan,1
Sandviken Moské,Sannolikt Sunni,migrationskartan-gissning,2019,Okänt,"Brun Solarium, 28, Odengatan, Kyrkåsen, Sandviken, Sandvikens kommun, Gävleborgs län, 811 34, Sverige",60.622636,16.781306,migrationskartan+osm,2
Al Rashideen Mosque,Sunni,migrationskartan,1983,Okänt,"25, Södra Rådmansgatan, Södertull, Gävle, Gävle kommun, Gävleborgs län, 802 51, Sverige",60.668849,17.151443,migrationskartan+osm+muslimer.se,3
Arabisk utbildning,Sannolikt Sunni,migrationskartan-gissning,2015,Okänt,"Melinsgatan, Gussarvet, Hedemora, Hedemora kommun, Dalarnas län, 776 31, Sverige",60.2823,15.985241,migrationskartan,1
Fagersta-moskén,Sannolikt Sunni,migrationskartan-gissning,,Okänt,"Vilhelminavägen, Apollo, Fagersta, Fagersta kommun, Västmanlands län, 737 45, Sverige",60.00419,15.794366,migrationskartan,1
Islamiska kultur centret i Säffle,Sannolikt Sunni,migrationskartan-gissning,2011,Okänt,"Industrigatan, Höglunda, Säffle, Säffle kommun, Värmlands län, 661 32, Sverige",59.115482,12.904987,migrationskartan,1
Sunne moskè,Sannolikt Sunni,migrationskartan-gissning,,Okänt,"686 31, Sunne kommun, Värmlands län, Sverige",59.843836,13.141248,migrationskartan,1
Alfarok-moskén,Sannolikt Sunni,migrationskartan-gissning,2014,Okänt,"Corneliusgatan, Prästjorden, Storbo, Avesta, Avesta kommun, Dalarnas län, 774 31, Sverige",60.145309,16.157563,migrationskartan,1
Borlänge Religion Centre,Sannolikt Sunni,migrationskartan-gissning,1987,Okänt,"Tennishallen, 1B, Betesgatan, Bullermyren, Borlänge, Borlänge kommun, Dalarnas län, 784 41, Sverige",60.496141,15.412768,migrationskartan+osm+muslimer.se,3
Bollnäs Islamic Center,Sannolikt Sunni,migrationskartan-gissning,2015,Okänt,"Fabriksgatan, Bollnäs, Bollnäs kommun, Gävleborgs län, 821 33, Sverige",61.353317,16.390882,migrationskartan,1
Al Salam Moskén,Sannolikt Sunni,migrationskartan-gissning,2016,Okänt,"Tullportens konditori, 10B, Storgatan, Mellanholmen, Härnösand, Härnösands domkyrkodistrikt, Härnösands kommun, Västernorrlands län, 871 45, Sverige",62.629607,17.934895,migrationskartan,1
Al-Rahma Moskén Härnösand,Sannolikt Sunni,migrationskartan-gissning,2012,Okänt,"Murbergsvägen, Murberget, Härnösand, Härnösands domkyrkodistrikt, Härnösands kommun, Västernorrlands län, 871 50, Sverige",62.646661,17.925026,migrationskartan,1
KulturCenter i Övik,Sannolikt Sunni,migrationskartan-gissning,2017,Okänt,,63.285317,18.745583,migrationskartan,1
Alidhem Mosque,Sannolikt Sunni,migrationskartan-gissning,2030,Okänt,"9A, Pedagoggränd, Ålidhem, Ålidhemsområdet, Umeå, Umeå kommun, Västerbottens län, 907 30, Sverige",63.813074,20.308735,migrationskartan+muslimer.se,2
Umeå Moské,Sannolikt Sunni,migrationskartan-gissning,1999,Okänt,"Skolgatan, Centrum, Centrala stan, Umeå, Umeå kommun, Västerbottens län, 903 27, Sverige",63.82753,20.258809,migrationskartan,1
Skellefteå Moské,Sannolikt Sunni,migrationskartan-gissning,1996,Okänt,"Hörnellgatan, Centrum, Skellefteå, Skellefteå kommun, Västerbottens län, 931 30, Sverige",64.750981,20.955305,migrationskartan+muslimer.se,2
Norrbottens Islamiska Center Moské,Sannolikt Sunni,migrationskartan-gissning,2006,Okänt,"Avaviksvägen, Hertsön, Luleå, Luleå kommun, Norrbottens län, 974 52, Sverige",65.590572,22.251202,migrationskartan,1
Luleå Moské Församling,Sannolikt Sunni,migrationskartan-gissning,2000,Okänt,"Kronanvägen, Östra Kronan, Kronandalen, Kronan, Luleå, Luleå kommun, Norrbottens län, 974 42, Sverige",65.598826,22.198478,migrationskartan,1
Boden Moske,Sannolikt Sunni,migrationskartan-gissning,2006,Okänt,"Drottninggatan, Björknäs, Boden, Bodens kommun, Norrbottens län, 961 35, Sverige",65.822254,21.680961,migrationskartan,1
Östersund Islamisk Moské,Sannolikt Sunni,migrationskartan-gissning,2001,Okänt,"Infanterigatan, Hornsberg, Östersund, Östersunds kommun, Jämtlands län, 931 28, Sverige",63.185636,14.643952,migrationskartan,1
Bosniakiska Islamiska Samfundet,Sunni (hanafi),"bosnisk församling (BIS, hanafi)",,,Slåttervägen 44 46161,58.271395,12.304382,osm,1
Alsalam Moske,Sannolikt Sunni,"standard: svensk moské (~95% sunni), ej vidare bekräftad",,,,57.729744,12.020745,osm,1
Kronoparkens Moské,Sannolikt Sunni,"standard: svensk moské (~95% sunni), ej vidare bekräftad",,,,59.405958,13.568171,osm,1
Aisha moskén,Sannolikt Sunni,"standard: svensk moské (~95% sunni), ej vidare bekräftad",,,Mäster Påvels gränd 17,58.590477,16.181261,osm+muslimer.se,2
Säffle moskén,Sannolikt Sunni,"standard: svensk moské (~95% sunni), ej vidare bekräftad",,,Vintergatan 1E 66132 Säffle,59.13458,12.913591,osm,1
Moské i Åmål,Sannolikt Sunni,"standard: svensk moské (~95% sunni), ej vidare bekräftad",,,"Åmål, Åmåls kommun, Västra Götalands län, Sverige",59.052462,12.703004,osm,1
Moské i Västerås,Sannolikt Sunni,"standard: svensk moské (~95% sunni), ej vidare bekräftad",,,"Västerås, Västerås kommun, Västmanlands län, Sverige",59.601316,16.470774,osm,1
Moské i Borlänge,Sannolikt Sunni,"standard: svensk moské (~95% sunni), ej vidare bekräftad",,,"Borlänge, Borlänge kommun, Dalarnas län, Sverige",60.483775,15.403887,osm,1
Moské vid Skarphagsleden,Sannolikt Sunni,"standard: svensk moské (~95% sunni), ej vidare bekräftad",,,"Skarphagsleden, Norrköping, Norrköpings kommun, Östergötlands län, Sverige",58.581836,16.173168,osm,1
Moské i Norrköping,Sannolikt Sunni,"standard: svensk moské (~95% sunni), ej vidare bekräftad",,,"Norrköping, Norrköpings kommun, Östergötlands län, Sverige",58.577965,16.210843,osm,1
Flens moské,Sannolikt Sunni,"standard: svensk moské (~95% sunni), ej vidare bekräftad",,,,59.055308,16.595292,osm,1
Svenska Muslimer i Ljungby,Sannolikt Sunni,"standard: svensk moské (~95% sunni), ej vidare bekräftad",,,,56.830536,13.931814,osm,1
Uppsala moské,Sunni,sv.Wikipedia: Sunni,1995,Okänt,"Vattholmavägen 11, Uppsala, Uppsala kommun, Uppsala län, 754 19, Sverige",59.874003,17.638216,migrationskartan+osm+muslimer.se,3
Handen moské,Sannolikt Sunni,"standard: svensk moské (~95% sunni), ej vidare bekräftad",1994,Okänt,"Vallavägen 6, Handen, Haninge kommun, Stockholms län, 136 41, Sverige",59.159639,18.142677,migrationskartan+osm+muslimer.se,3
Luleå Moskéförsamling,Sunni,migrationskartan,,,Krondalsvägen 2,65.592032,22.189899,osm,1
Falkenberg,Sannolikt Sunni,"standard: svensk moské (~95% sunni), ej vidare bekräftad",,,Kvekatorpsvägen 2b Falkenberg,56.904263,12.481004,osm+muslimer.se,2
Malmö Islamic Center,Sunni (salafistisk),sv.Wikipedia: salafism (Islamic Center),,,Västra Skrävlinge kyrkoväg 1 Malmö,55.574959,13.051455,osm,1
,Sannolikt Sunni,"standard: svensk moské (~95% sunni), ej vidare bekräftad",,,"Stora Gatan 88, 724 60 Västerås",59.604942,16.496631,muslimer.se,1
,Sannolikt Sunni,"standard: svensk moské (~95% sunni), ej vidare bekräftad",,,"Grusvägen 15, 254 64 Helsingborg",56.01658,12.728859,muslimer.se,1
Karlstad,Sannolikt Sunni,"standard: svensk moské (~95% sunni), ej vidare bekräftad",,,Signalhornsgatan 36 Karlstad,59.40228,13.573133,muslimer.se,1
Eskilstuna,Sannolikt Sunni,"standard: svensk moské (~95% sunni), ej vidare bekräftad",,,Årbygatan 6 Eskilstuna,59.384947,16.514438,muslimer.se,1
Lidköping,Sannolikt Sunni,"standard: svensk moské (~95% sunni), ej vidare bekräftad",,,Sockerbruksgatan 11 Lidköping,58.502035,13.178615,muslimer.se,1
Hyltebruk moské,Sannolikt Sunni,"standard: svensk moské (~95% sunni), ej vidare bekräftad",2011,Okänt,"Landerydsvägen 9, Hyltebruk, Hylte kommun, Hallands län, 314 32, Sverige",57.007486,13.240919,migrationskartan+muslimer.se,2
Skövde,Sannolikt Sunni,"standard: svensk moské (~95% sunni), ej vidare bekräftad",,,Timmervägen 33 Skövde,58.425157,13.877974,muslimer.se,1
Trollhättan,Sannolikt Sunni,"standard: svensk moské (~95% sunni), ej vidare bekräftad",,,Lantmannavägen 20 Trollhättan,58.271138,12.310511,muslimer.se,1
Halmstad,Sannolikt Sunni,"standard: svensk moské (~95% sunni), ej vidare bekräftad",,,Fredsgatan 15 Halmstad,56.673164,12.865589,muslimer.se,1
Luleå,Sannolikt Sunni,"standard: svensk moské (~95% sunni), ej vidare bekräftad",,,Krongårdsringen 2 Luleå,65.580751,22.196717,muslimer.se,1
Härnösand,Sannolikt Sunni,"standard: svensk moské (~95% sunni), ej vidare bekräftad",,,Magasingatan 5 Härnösand,62.635375,17.93632,muslimer.se,1
Varberg,Sannolikt Sunni,"standard: svensk moské (~95% sunni), ej vidare bekräftad",,,Vagnvägen 16B Varberg,57.12355,12.286039,muslimer.se,1
Motala,Sannolikt Sunni,"standard: svensk moské (~95% sunni), ej vidare bekräftad",,,Strandvägen 171 Motala,58.546693,15.072988,muslimer.se,1
